date,nav
2017-02-27,10020.0000
2017-02-28,10020.0000
2017-03-01,10003.0000
2017-03-02,9992.0000
2017-03-03,10005.0000
2017-03-06,10011.0000
2017-03-07,10006.0000
2017-03-08,9998.0000
2017-03-09,9988.0000
2017-03-10,9982.0000
2017-03-13,9982.0000
2017-03-14,9984.0000
2017-03-15,9985.0000
2017-03-16,10004.0000
2017-03-17,10002.0000
2017-03-21,10009.0000
2017-03-22,10017.0000
2017-03-23,10018.0000
2017-03-24,10012.0000
2017-03-27,10017.0000
2017-03-28,10021.0000
2017-03-29,10022.0000
2017-03-30,10013.0000
2017-03-31,10006.0000
2017-04-03,10001.0000
2017-04-04,10004.0000
2017-04-05,10002.0000
2017-04-06,10013.0000
2017-04-07,10022.0000
2017-04-10,10018.0000
2017-04-11,10026.0000
2017-04-12,10043.0000
2017-04-13,10045.0000
2017-04-14,10058.0000
2017-04-17,10068.0000
2017-04-18,10054.0000
2017-04-19,10063.0000
2017-04-20,10062.0000
2017-04-21,10061.0000
2017-04-24,10051.0000
2017-04-25,10054.0000
2017-04-26,10047.0000
2017-04-27,10044.0000
2017-04-28,10054.0000
2017-05-01,10052.0000
2017-05-02,10047.0000
2017-05-08,10037.0000
2017-05-09,10029.0000
2017-05-10,10024.0000
2017-05-11,10012.0000
2017-05-12,10016.0000
2017-05-15,10023.0000
2017-05-16,10017.0000
2017-05-17,10019.0000
2017-05-18,10027.0000
2017-05-19,10036.0000
2017-05-22,10029.0000
2017-05-23,10033.0000
2017-05-24,10029.0000
2017-05-25,10024.0000
2017-05-26,10038.0000
2017-05-29,10033.0000
2017-05-30,10038.0000
2017-05-31,10033.0000
2017-06-01,10026.0000
2017-06-02,10029.0000
2017-06-05,10033.0000
2017-06-06,10036.0000
2017-06-07,10037.0000
2017-06-08,10010.0000
2017-06-09,10025.0000
2017-06-12,10021.0000
2017-06-13,10023.0000
2017-06-14,10025.0000
2017-06-15,10036.0000
2017-06-16,10030.0000
2017-06-19,10029.0000
2017-06-20,10033.0000
2017-06-21,10034.0000
2017-06-22,10037.0000
2017-06-23,10034.0000
2017-06-26,10033.0000
2017-06-27,10039.0000
2017-06-28,10030.0000
2017-06-29,10030.0000
2017-06-30,10004.0000
2017-07-03,10004.0000
2017-07-04,10004.0000
2017-07-05,9997.0000
2017-07-06,9981.0000
2017-07-07,9984.0000
2017-07-10,9981.0000
2017-07-11,9974.0000
2017-07-12,9983.0000
2017-07-13,9999.0000
2017-07-14,9999.0000
2017-07-18,10007.0000
2017-07-19,10004.0000
2017-07-20,10004.0000
2017-07-21,10007.0000
2017-07-24,10008.0000
2017-07-25,10011.0000
2017-07-26,10003.0000
2017-07-27,10009.0000
2017-07-28,10007.0000
2017-07-31,10005.0000
2017-08-01,10003.0000
2017-08-02,10006.0000
2017-08-03,10011.0000
2017-08-04,10013.0000
2017-08-07,10008.0000
2017-08-08,10009.0000
2017-08-09,10019.0000
2017-08-10,10021.0000
2017-08-14,10026.0000
2017-08-15,10027.0000
2017-08-16,10026.0000
2017-08-17,10025.0000
2017-08-18,10031.0000
2017-08-21,10038.0000
2017-08-22,10040.0000
2017-08-23,10043.0000
2017-08-24,10049.0000
2017-08-25,10051.0000
2017-08-28,10053.0000
2017-08-29,10056.0000
2017-08-30,10054.0000
2017-08-31,10057.0000
2017-09-01,10060.0000
2017-09-04,10066.0000
2017-09-05,10066.0000
2017-09-06,10067.0000
2017-09-07,10058.0000
2017-09-08,10073.0000
2017-09-11,10067.0000
2017-09-12,10052.0000
2017-09-13,10048.0000
2017-09-14,10034.0000
2017-09-15,10051.0000
2017-09-19,10042.0000
2017-09-20,10044.0000
2017-09-21,10047.0000
2017-09-22,10053.0000
2017-09-25,10053.0000
2017-09-26,10048.0000
2017-09-27,10030.0000
2017-09-28,10008.0000
2017-09-29,10020.0000
2017-10-02,10009.0000
2017-10-03,10008.0000
2017-10-04,10026.0000
2017-10-05,10030.0000
2017-10-06,10018.0000
2017-10-10,10018.0000
2017-10-11,10017.0000
2017-10-12,10018.0000
2017-10-13,10016.0000
2017-10-16,10016.0000
2017-10-17,10014.0000
2017-10-18,10011.0000
2017-10-19,10011.0000
2017-10-20,10007.0000
2017-10-23,10010.0000
2017-10-24,10014.0000
2017-10-25,10016.0000
2017-10-26,10015.0000
2017-10-27,10015.0000
2017-10-30,10017.0000
2017-10-31,10018.0000
2017-11-01,10023.0000
2017-11-02,10027.0000
2017-11-06,10050.0000
2017-11-07,10051.0000
2017-11-08,10058.0000
2017-11-09,10050.0000
2017-11-10,10045.0000
2017-11-13,10035.0000
2017-11-14,10033.0000
2017-11-15,10040.0000
2017-11-16,10039.0000
2017-11-17,10044.0000
2017-11-20,10048.0000
2017-11-21,10051.0000
2017-11-22,10056.0000
2017-11-24,10048.0000
2017-11-27,10041.0000
2017-11-28,10037.0000
2017-11-29,10047.0000
2017-11-30,10044.0000
2017-12-01,10043.0000
2017-12-04,10037.0000
2017-12-05,10031.0000
2017-12-06,10036.0000
2017-12-07,10038.0000
2017-12-08,10046.0000
2017-12-11,10045.0000
2017-12-12,10051.0000
2017-12-13,10049.0000
2017-12-14,10050.0000
2017-12-15,10052.0000
2017-12-18,10056.0000
2017-12-19,10057.0000
2017-12-20,10046.0000
2017-12-21,10042.0000
2017-12-22,10047.0000
2017-12-25,10053.0000
2017-12-26,10050.0000
2017-12-27,10045.0000
2017-12-28,10043.0000
2017-12-29,10049.0000
2018-01-04,10045.0000
2018-01-05,10042.0000
2018-01-09,10034.0000
2018-01-10,10019.0000
2018-01-11,10027.0000
2018-01-12,10030.0000
2018-01-15,10029.0000
2018-01-16,10027.0000
2018-01-17,10024.0000
2018-01-18,10023.0000
2018-01-19,10028.0000
2018-01-22,10030.0000
2018-01-23,10035.0000
2018-01-24,10030.0000
2018-01-25,10026.0000
2018-01-26,10034.0000
2018-01-29,10032.0000
2018-01-30,10021.0000
2018-01-31,10031.0000
2018-02-01,10021.0000
2018-02-02,10027.0000
2018-02-05,10029.0000
2018-02-06,10035.0000
2018-02-07,10035.0000
2018-02-08,10029.0000
2018-02-09,10036.0000
2018-02-13,10043.0000
2018-02-14,10049.0000
2018-02-15,10050.0000
2018-02-16,10052.0000
2018-02-19,10051.0000
2018-02-20,10049.0000
2018-02-21,10054.0000
2018-02-22,10058.0000
2018-02-23,10064.0000
2018-02-26,10064.0000
2018-02-27,10068.0000
2018-02-28,10068.0000
2018-03-01,10069.0000
2018-03-02,10056.0000
2018-03-05,10079.0000
2018-03-06,10074.0000
2018-03-07,10077.0000
2018-03-08,10071.0000
2018-03-09,10072.0000
2018-03-12,10074.0000
2018-03-13,10072.0000
2018-03-14,10073.0000
2018-03-15,10075.0000
2018-03-16,10080.0000
2018-03-19,10082.0000
2018-03-20,10082.0000
2018-03-22,10085.0000
2018-03-23,10094.0000
2018-03-26,10094.0000
2018-03-27,10089.0000
2018-03-28,10091.0000
2018-03-29,10086.0000
2018-03-30,10083.0000
2018-04-02,10083.0000
2018-04-03,10099.0000
2018-04-04,10098.0000
2018-04-05,10086.0000
2018-04-06,10083.0000
2018-04-09,10088.0000
2018-04-10,10092.0000
2018-04-11,10098.0000
2018-04-12,10097.0000
2018-04-13,10099.0000
2018-04-16,10095.0000
2018-04-17,10094.0000
2018-04-18,10099.0000
2018-04-19,10093.0000
2018-04-20,10073.0000
2018-04-23,10073.0000
2018-04-24,10075.0000
2018-04-25,10071.0000
2018-04-26,10068.0000
2018-04-27,10074.0000
2018-05-01,10093.0000
2018-05-02,10087.0000
2018-05-07,10087.0000
2018-05-08,10081.0000
2018-05-09,10082.0000
2018-05-10,10082.0000
2018-05-11,10082.0000
2018-05-14,10078.0000
2018-05-15,10073.0000
2018-05-16,10072.0000
2018-05-17,10067.0000
2018-05-18,10067.0000
2018-05-21,10070.0000
2018-05-22,10074.0000
2018-05-23,10080.0000
2018-05-24,10080.0000
2018-05-25,10085.0000
2018-05-28,10086.0000
2018-05-29,10095.0000
2018-05-30,10101.0000
2018-05-31,10095.0000
2018-06-01,10089.0000
2018-06-04,10082.0000
2018-06-05,10084.0000
2018-06-06,10081.0000
2018-06-07,10085.0000
2018-06-08,10089.0000
2018-06-11,10086.0000
2018-06-12,10082.0000
2018-06-13,10083.0000
2018-06-14,10091.0000
2018-06-15,10096.0000
2018-06-18,10096.0000
2018-06-19,10100.0000
2018-06-20,10096.0000
2018-06-21,10096.0000
2018-06-22,10100.0000
2018-06-25,10099.0000
2018-06-26,10095.0000
2018-06-27,10094.0000
2018-06-28,10099.0000
2018-06-29,10099.0000
2018-07-02,10104.0000
2018-07-03,10103.0000
2018-07-04,10108.0000
2018-07-05,10115.0000
2018-07-06,10115.0000
2018-07-09,10118.0000
2018-07-10,10112.0000
2018-07-11,10109.0000
2018-07-12,10112.0000
2018-07-13,10112.0000
2018-07-17,10114.0000
2018-07-18,10110.0000
2018-07-19,10114.0000
2018-07-20,10116.0000
2018-07-23,10059.0000
2018-07-24,10047.0000
2018-07-25,10066.0000
2018-07-26,10049.0000
2018-07-27,10043.0000
2018-07-30,10029.0000
2018-07-31,10079.0000
2018-08-01,10023.0000
2018-08-02,10020.0000
2018-08-03,10020.0000
2018-08-06,10024.0000
2018-08-07,10023.0000
2018-08-08,10016.0000
2018-08-09,10016.0000
2018-08-10,10027.0000
2018-08-13,10035.0000
2018-08-14,10027.0000
2018-08-15,10030.0000
2018-08-16,10026.0000
2018-08-17,10028.0000
2018-08-20,10030.0000
2018-08-21,10037.0000
2018-08-22,10030.0000
2018-08-23,10030.0000
2018-08-24,10029.0000
2018-08-27,10036.0000
2018-08-28,10033.0000
2018-08-29,10030.0000
2018-08-30,10020.0000
2018-08-31,10023.0000
2018-09-03,10016.0000
2018-09-04,10017.0000
2018-09-05,10023.0000
2018-09-06,10027.0000
2018-09-07,10027.0000
2018-09-10,10023.0000
2018-09-11,10029.0000
2018-09-12,10029.0000
2018-09-13,10028.0000
2018-09-14,10027.0000
2018-09-18,10022.0000
2018-09-19,10018.0000
2018-09-20,10018.0000
2018-09-21,9999.0000
2018-09-25,9992.0000
2018-09-26,9997.0000
2018-09-27,10008.0000
2018-09-28,9998.0000
2018-10-01,9993.0000
2018-10-02,9995.0000
2018-10-03,9996.0000
2018-10-04,9972.0000
2018-10-05,9983.0000
2018-10-09,9977.0000
2018-10-10,9981.0000
2018-10-11,9993.0000
2018-10-12,9987.0000
2018-10-15,9990.0000
2018-10-16,9986.0000
2018-10-17,9988.0000
2018-10-18,9985.0000
2018-10-19,9986.0000
2018-10-22,9983.0000
2018-10-23,9987.0000
2018-10-24,10000.0000
2018-10-25,10021.0000
2018-10-26,10022.0000
2018-10-29,10027.0000
2018-10-30,10021.0000
2018-10-31,10014.0000
2018-11-01,10014.0000
2018-11-02,10011.0000
2018-11-05,10010.0000
2018-11-06,10007.0000
2018-11-07,10009.0000
2018-11-08,10007.0000
2018-11-09,10010.0000
2018-11-12,10014.0000
2018-11-13,10020.0000
2018-11-14,10026.0000
2018-11-15,10027.0000
2018-11-16,10030.0000
2018-11-19,10044.0000
2018-11-20,10036.0000
2018-11-21,10044.0000
2018-11-22,10045.0000
2018-11-26,10052.0000
2018-11-27,10053.0000
2018-11-28,10042.0000
2018-11-29,10057.0000
2018-11-30,10055.0000
2018-12-03,10059.0000
2018-12-04,10076.0000
2018-12-05,10070.0000
2018-12-06,10079.0000
2018-12-07,10068.0000
2018-12-10,10083.0000
2018-12-11,10081.0000
2018-12-12,10076.0000
2018-12-13,10074.0000
2018-12-14,10089.0000
2018-12-17,10094.0000
2018-12-18,10103.0000
2018-12-19,10098.0000
2018-12-20,10112.0000
2018-12-21,10096.0000
2018-12-25,10121.0000
2018-12-26,10114.0000
2018-12-27,10109.0000
2018-12-28,10127.0000
2019-01-04,10168.0000
2019-01-07,10147.0000
2019-01-08,10134.0000
2019-01-09,10123.0000
2019-01-10,10131.0000
2019-01-11,10140.0000
2019-01-15,10139.0000
2019-01-16,10146.0000
2019-01-17,10146.0000
2019-01-18,10144.0000
2019-01-21,10146.0000
2019-01-22,10152.0000
2019-01-23,10154.0000
2019-01-24,10155.0000
2019-01-25,10163.0000
2019-01-28,10165.0000
2019-01-29,10163.0000
2019-01-30,10161.0000
2019-01-31,10167.0000
2019-02-01,10195.0000
2019-02-04,10186.0000
2019-02-05,10188.0000
2019-02-06,10189.0000
2019-02-07,10179.0000
2019-02-08,10199.0000
2019-02-12,10184.0000
2019-02-13,10178.0000
2019-02-14,10181.0000
2019-02-15,10195.0000
2019-02-18,10195.0000
2019-02-19,10199.0000
2019-02-20,10204.0000
2019-02-21,10209.0000
2019-02-22,10207.0000
2019-02-25,10202.0000
2019-02-26,10191.0000
2019-02-27,10188.0000
2019-02-28,10187.0000
2019-03-01,10176.0000
2019-03-04,10165.0000
2019-03-05,10162.0000
2019-03-06,10171.0000
2019-03-07,10178.0000
2019-03-08,10202.0000
2019-03-11,10202.0000
2019-03-12,10198.0000
2019-03-13,10210.0000
2019-03-14,10211.0000
2019-03-15,10207.0000
2019-03-18,10206.0000
2019-03-19,10215.0000
2019-03-20,10209.0000
2019-03-22,10240.0000
2019-03-25,10254.0000
2019-03-26,10231.0000
2019-03-27,10233.0000
2019-03-28,10264.0000
2019-03-29,10258.0000
2019-04-01,10243.0000
2019-04-02,10233.0000
2019-04-03,10235.0000
2019-04-04,10229.0000
2019-04-05,10219.0000
2019-04-08,10234.0000
2019-04-09,10231.0000
2019-04-10,10240.0000
2019-04-11,10247.0000
2019-04-12,10240.0000
2019-04-15,10222.0000
2019-04-16,10218.0000
2019-04-17,10201.0000
2019-04-18,10217.0000
2019-04-19,10207.0000
2019-04-22,10210.0000
2019-04-23,10216.0000
2019-04-24,10223.0000
2019-04-25,10213.0000
2019-04-26,10225.0000
2019-05-07,10235.0000
2019-05-08,10239.0000
2019-05-09,10235.0000
2019-05-10,10233.0000
2019-05-13,10230.0000
2019-05-14,10235.0000
2019-05-15,10235.0000
2019-05-16,10248.0000
2019-05-17,10239.0000
2019-05-20,10228.0000
2019-05-21,10232.0000
2019-05-22,10241.0000
2019-05-23,10248.0000
2019-05-24,10255.0000
2019-05-27,10252.0000
2019-05-28,10262.0000
2019-05-29,10281.0000
2019-05-30,10268.0000
2019-05-31,10289.0000
2019-06-03,10281.0000
2019-06-04,10295.0000
2019-06-05,10320.0000
2019-06-06,10318.0000
2019-06-07,10316.0000
2019-06-10,10334.0000
2019-06-11,10326.0000
2019-06-12,10331.0000
2019-06-13,10323.0000
2019-06-14,10332.0000
2019-06-17,10331.0000
2019-06-18,10336.0000
2019-06-19,10351.0000
2019-06-20,10385.0000
2019-06-21,10371.0000
2019-06-24,10354.0000
2019-06-25,10354.0000
2019-06-26,10340.0000
2019-06-27,10329.0000
2019-06-28,10350.0000
2019-07-01,10335.0000
2019-07-02,10332.0000
2019-07-03,10358.0000
2019-07-04,10361.0000
2019-07-05,10368.0000
2019-07-08,10353.0000
2019-07-09,10354.0000
2019-07-10,10334.0000
2019-07-11,10346.0000
2019-07-12,10320.0000
2019-07-16,10327.0000
2019-07-17,10331.0000
2019-07-18,10342.0000
2019-07-19,10340.0000
2019-07-22,10340.0000
2019-07-23,10347.0000
2019-07-24,10351.0000
2019-07-25,10357.0000
2019-07-26,10354.0000
2019-07-29,10348.0000
2019-07-30,10354.0000
2019-07-31,10360.0000
2019-08-01,10341.0000
2019-08-02,10378.0000
2019-08-05,10406.0000
2019-08-06,10391.0000
2019-08-07,10413.0000
2019-08-08,10418.0000
2019-08-09,10450.0000
2019-08-13,10473.0000
2019-08-14,10454.0000
2019-08-15,10481.0000
2019-08-16,10466.0000
2019-08-19,10456.0000
2019-08-20,10462.0000
2019-08-21,10470.0000
2019-08-22,10467.0000
2019-08-23,10456.0000
2019-08-26,10499.0000
2019-08-27,10485.0000
2019-08-28,10487.0000
2019-08-29,10507.0000
2019-08-30,10499.0000
2019-09-02,10493.0000
2019-09-03,10508.0000
2019-09-04,10516.0000
2019-09-05,10493.0000
2019-09-06,10454.0000
2019-09-09,10457.0000
2019-09-10,10416.0000
2019-09-11,10402.0000
2019-09-12,10406.0000
2019-09-13,10357.0000
2019-09-17,10356.0000
2019-09-18,10381.0000
2019-09-19,10410.0000
2019-09-20,10390.0000
2019-09-24,10403.0000
2019-09-25,10408.0000
2019-09-26,10408.0000
2019-09-27,10409.0000
2019-09-30,10386.0000
2019-10-01,10326.0000
2019-10-02,10356.0000
2019-10-03,10388.0000
2019-10-04,10398.0000
2019-10-07,10402.0000
2019-10-08,10378.0000
2019-10-09,10381.0000
2019-10-10,10387.0000
2019-10-11,10360.0000
2019-10-15,10356.0000
2019-10-16,10351.0000
2019-10-17,10348.0000
2019-10-18,10338.0000
2019-10-21,10325.0000
2019-10-23,10330.0000
2019-10-24,10342.0000
2019-10-25,10337.0000
2019-10-28,10328.0000
2019-10-29,10309.0000
2019-10-30,10321.0000
2019-10-31,10343.0000
2019-11-01,10382.0000
2019-11-05,10341.0000
2019-11-06,10302.0000
2019-11-07,10302.0000
2019-11-08,10272.0000
2019-11-11,10276.0000
2019-11-12,10250.0000
2019-11-13,10261.0000
2019-11-14,10285.0000
2019-11-15,10278.0000
2019-11-18,10293.0000
2019-11-19,10298.0000
2019-11-20,10315.0000
2019-11-21,10324.0000
2019-11-22,10293.0000
2019-11-25,10294.0000
2019-11-26,10309.0000
2019-11-27,10329.0000
2019-11-28,10311.0000
2019-11-29,10305.0000
2019-12-02,10279.0000
2019-12-03,10263.0000
2019-12-04,10279.0000
2019-12-05,10286.0000
2019-12-06,10260.0000
2019-12-09,10253.0000
2019-12-10,10267.0000
2019-12-11,10252.0000
2019-12-12,10265.0000
2019-12-13,10266.0000
2019-12-16,10274.0000
2019-12-17,10264.0000
2019-12-18,10264.0000
2019-12-19,10258.0000
2019-12-20,10239.0000
2019-12-23,10241.0000
2019-12-24,10238.0000
2019-12-25,10260.0000
2019-12-26,10259.0000
2019-12-27,10260.0000
2019-12-30,10273.0000
2020-01-06,10283.0000
2020-01-07,10258.0000
2020-01-08,10270.0000
2020-01-09,10260.0000
2020-01-10,10255.0000
2020-01-14,10242.0000
2020-01-15,10244.0000
2020-01-16,10242.0000
2020-01-17,10247.0000
2020-01-20,10238.0000
2020-01-21,10259.0000
2020-01-22,10257.0000
2020-01-23,10279.0000
2020-01-24,10280.0000
2020-01-27,10306.0000
2020-01-28,10298.0000
2020-01-29,10302.0000
2020-01-30,10318.0000
2020-01-31,10316.0000
2020-02-03,10309.0000
2020-02-04,10299.0000
2020-02-05,10282.0000
2020-02-06,10271.0000
2020-02-07,10293.0000
2020-02-10,10311.0000
2020-02-12,10297.0000
2020-02-13,10289.0000
2020-02-14,10286.0000
2020-02-17,10299.0000
2020-02-18,10315.0000
2020-02-19,10307.0000
2020-02-20,10307.0000
2020-02-21,10323.0000
2020-02-25,10349.0000
2020-02-26,10337.0000
2020-02-27,10345.0000
2020-02-28,10396.0000
2020-03-02,10385.0000
2020-03-03,10356.0000
2020-03-04,10377.0000
2020-03-05,10342.0000
2020-03-06,10378.0000
2020-03-09,10413.0000
2020-03-10,10332.0000
2020-03-11,10346.0000
2020-03-12,10322.0000
2020-03-13,10269.0000
2020-03-16,10253.0000
2020-03-17,10260.0000
2020-03-18,10224.0000
2020-03-19,10188.0000
2020-03-23,10208.0000
2020-03-24,10224.0000
2020-03-25,10225.0000
2020-03-26,10233.0000
2020-03-27,10226.0000
2020-03-30,10239.0000
2020-03-31,10226.0000
2020-04-01,10243.0000
2020-04-02,10260.0000
2020-04-03,10257.0000
2020-04-06,10237.0000
2020-04-07,10228.0000
2020-04-08,10224.0000
2020-04-09,10215.0000
2020-04-10,10229.0000
2020-04-13,10223.0000
2020-04-14,10213.0000
2020-04-15,10208.0000
2020-04-16,10216.0000
2020-04-17,10198.0000
2020-04-20,10206.0000
2020-04-21,10210.0000
2020-04-22,10238.0000
2020-04-23,10247.0000
2020-04-24,10253.0000
2020-04-27,10254.0000
2020-04-28,10266.0000
2020-04-30,10259.0000
2020-05-01,10250.0000
2020-05-07,10231.0000
2020-05-08,10230.0000
2020-05-11,10219.0000
2020-05-12,10232.0000
2020-05-13,10229.0000
2020-05-14,10232.0000
2020-05-15,10222.0000
2020-05-18,10231.0000
2020-05-19,10221.0000
2020-05-20,10227.0000
2020-05-21,10239.0000
2020-05-22,10241.0000
2020-05-25,10224.0000
2020-05-26,10222.0000
2020-05-27,10227.0000
2020-05-28,10227.0000
2020-05-29,10214.0000
2020-06-01,10211.0000
2020-06-02,10210.0000
2020-06-03,10206.0000
2020-06-04,10187.0000
2020-06-05,10171.0000
2020-06-08,10169.0000
2020-06-09,10195.0000
2020-06-10,10193.0000
2020-06-11,10210.0000
2020-06-12,10199.0000
2020-06-15,10211.0000
2020-06-16,10192.0000
2020-06-17,10191.0000
2020-06-18,10191.0000
2020-06-19,10188.0000
2020-06-22,10192.0000
2020-06-23,10190.0000
2020-06-24,10186.0000
2020-06-25,10187.0000
2020-06-26,10188.0000
2020-06-29,10187.0000
2020-06-30,10172.0000
2020-07-01,10153.0000
2020-07-02,10152.0000
2020-07-03,10171.0000
2020-07-06,10156.0000
2020-07-07,10161.0000
2020-07-08,10187.0000
2020-07-09,10192.0000
2020-07-10,10191.0000
2020-07-13,10169.0000
2020-07-14,10175.0000
2020-07-15,10171.0000
2020-07-16,10181.0000
2020-07-17,10187.0000
2020-07-20,10177.0000
2020-07-21,10188.0000
2020-07-22,10188.0000
2020-07-27,10186.0000
2020-07-28,10188.0000
2020-07-29,10199.0000
2020-07-30,10200.0000
2020-07-31,10207.0000
2020-08-03,10192.0000
2020-08-04,10198.0000
2020-08-05,10204.0000
2020-08-06,10197.0000
2020-08-07,10201.0000
2020-08-11,10184.0000
2020-08-12,10168.0000
2020-08-13,10173.0000
2020-08-14,10156.0000
2020-08-17,10161.0000
2020-08-18,10166.0000
2020-08-19,10173.0000
2020-08-20,10167.0000
2020-08-21,10160.0000
2020-08-24,10174.0000
2020-08-25,10175.0000
2020-08-26,10164.0000
2020-08-27,10165.0000
2020-08-28,10147.0000
2020-08-31,10159.0000
2020-09-01,10162.0000
2020-09-02,10161.0000
2020-09-03,10168.0000
2020-09-04,10164.0000
2020-09-07,10158.0000
2020-09-08,10167.0000
2020-09-09,10175.0000
2020-09-10,10174.0000
2020-09-11,10186.0000
2020-09-14,10188.0000
2020-09-15,10190.0000
2020-09-16,10187.0000
2020-09-17,10191.0000
2020-09-18,10190.0000
2020-09-23,10196.0000
2020-09-24,10192.0000
2020-09-25,10190.0000
2020-09-28,10177.0000
2020-09-29,10184.0000
2020-09-30,10187.0000
2020-10-01,10182.0000
2020-10-02,10188.0000
2020-10-05,10181.0000
2020-10-06,10169.0000
2020-10-07,10171.0000
2020-10-08,10175.0000
2020-10-09,10174.0000
2020-10-12,10174.0000
2020-10-13,10172.0000
2020-10-14,10173.0000
2020-10-15,10180.0000
2020-10-16,10185.0000
2020-10-19,10182.0000
2020-10-20,10190.0000
2020-10-21,10179.0000
2020-10-22,10180.0000
2020-10-23,10172.0000
2020-10-26,10176.0000
2020-10-27,10180.0000
2020-10-28,10182.0000
2020-10-29,10181.0000
2020-10-30,10170.0000
2020-11-02,10171.0000
2020-11-04,10174.0000
2020-11-05,10194.0000
2020-11-06,10191.0000
2020-11-09,10191.0000
2020-11-10,10175.0000
2020-11-11,10171.0000
2020-11-12,10177.0000
2020-11-13,10180.0000
2020-11-16,10181.0000
2020-11-17,10182.0000
2020-11-18,10193.0000
2020-11-19,10193.0000
2020-11-20,10199.0000
2020-11-24,10189.0000
2020-11-25,10191.0000
2020-11-26,10186.0000
2020-11-27,10181.0000
2020-11-30,10182.0000
2020-12-01,10188.0000
2020-12-02,10187.0000
2020-12-03,10188.0000
2020-12-04,10184.0000
2020-12-07,10187.0000
2020-12-08,10197.0000
2020-12-09,10199.0000
2020-12-10,10202.0000
2020-12-11,10201.0000
2020-12-14,10195.0000
2020-12-15,10201.0000
2020-12-16,10196.0000
2020-12-17,10198.0000
2020-12-18,10198.0000
2020-12-21,10194.0000
2020-12-22,10200.0000
2020-12-23,10204.0000
2020-12-24,10197.0000
2020-12-25,10188.0000
2020-12-28,10187.0000
2020-12-29,10184.0000
2020-12-30,10183.0000
2021-01-04,10181.0000
2021-01-05,10192.0000
2021-01-06,10185.0000
2021-01-07,10176.0000
2021-01-08,10174.0000
2021-01-12,10176.0000
2021-01-13,10184.0000
2021-01-14,10179.0000
2021-01-15,10179.0000
2021-01-18,10163.0000
2021-01-19,10164.0000
2021-01-20,10165.0000
2021-01-21,10176.0000
2021-01-22,10165.0000
2021-01-25,10166.0000
2021-01-26,10174.0000
2021-01-27,10168.0000
2021-01-28,10170.0000
2021-01-29,10157.0000
2021-02-01,10148.0000
2021-02-02,10149.0000
2021-02-03,10153.0000
2021-02-04,10156.0000
2021-02-05,10157.0000
2021-02-08,10147.0000
2021-02-09,10144.0000
2021-02-10,10143.0000
2021-02-12,10151.0000
2021-02-15,10139.0000
2021-02-16,10140.0000
2021-02-17,10123.0000
2021-02-18,10129.0000
2021-02-19,10121.0000
2021-02-22,10106.0000
2021-02-24,10101.0000
2021-02-25,10082.0000
2021-02-26,10072.0000
2021-03-01,10090.0000
2021-03-02,10110.0000
2021-03-03,10124.0000
2021-03-04,10104.0000
2021-03-05,10142.0000
2021-03-08,10124.0000
2021-03-09,10109.0000
2021-03-10,10114.0000
2021-03-11,10136.0000
2021-03-12,10128.0000
2021-03-15,10129.0000
2021-03-16,10138.0000
2021-03-17,10141.0000
2021-03-18,10137.0000
2021-03-19,10125.0000
2021-03-22,10158.0000
2021-03-23,10163.0000
2021-03-24,10171.0000
2021-03-25,10158.0000
2021-03-26,10155.0000
2021-03-29,10166.0000
2021-03-30,10154.0000
2021-03-31,10141.0000
2021-04-01,10123.0000
2021-04-02,10126.0000
2021-04-05,10128.0000
2021-04-06,10139.0000
2021-04-07,10153.0000
2021-04-08,10149.0000
2021-04-09,10143.0000
2021-04-12,10140.0000
2021-04-13,10146.0000
2021-04-14,10161.0000
2021-04-15,10160.0000
2021-04-16,10161.0000
2021-04-19,10163.0000
2021-04-20,10167.0000
2021-04-21,10179.0000
2021-04-22,10180.0000
2021-04-23,10178.0000
2021-04-26,10173.0000
2021-04-27,10169.0000
2021-04-28,10158.0000
2021-04-30,10159.0000
2021-05-06,10163.0000
2021-05-07,10164.0000
2021-05-10,10166.0000
2021-05-11,10173.0000
2021-05-12,10172.0000
2021-05-13,10154.0000
2021-05-14,10165.0000
2021-05-17,10169.0000
2021-05-18,10168.0000
2021-05-19,10168.0000
2021-05-20,10162.0000
2021-05-21,10159.0000
2021-05-24,10162.0000
2021-05-25,10165.0000
2021-05-26,10165.0000
2021-05-27,10167.0000
2021-05-28,10159.0000
2021-05-31,10162.0000
2021-06-01,10160.0000
2021-06-02,10156.0000
2021-06-03,10155.0000
2021-06-04,10152.0000
2021-06-07,10155.0000
2021-06-08,10162.0000
2021-06-09,10171.0000
2021-06-10,10183.0000
2021-06-11,10192.0000
2021-06-14,10189.0000
2021-06-15,10179.0000
2021-06-16,10173.0000
2021-06-17,10164.0000
2021-06-18,10173.0000
2021-06-21,10180.0000
2021-06-22,10173.0000
2021-06-23,10175.0000
2021-06-24,10178.0000
2021-06-25,10177.0000
2021-06-28,10171.0000
2021-06-29,10170.0000
2021-06-30,10168.0000
2021-07-01,10181.0000
2021-07-02,10187.0000
2021-07-05,10192.0000
2021-07-06,10187.0000
2021-07-07,10193.0000
2021-07-08,10202.0000
2021-07-09,10193.0000
2021-07-12,10196.0000
2021-07-13,10200.0000
2021-07-14,10207.0000
2021-07-15,10219.0000
2021-07-16,10211.0000
2021-07-19,10213.0000
2021-07-20,10220.0000
2021-07-21,10211.0000
2021-07-26,10215.0000
2021-07-27,10209.0000
2021-07-28,10213.0000
2021-07-29,10215.0000
2021-07-30,10217.0000
2021-08-02,10217.0000
2021-08-03,10224.0000
2021-08-04,10230.0000
2021-08-05,10224.0000
2021-08-06,10218.0000
2021-08-10,10209.0000
2021-08-11,10200.0000
2021-08-12,10208.0000
2021-08-13,10207.0000
2021-08-16,10215.0000
2021-08-17,10219.0000
2021-08-18,10214.0000
2021-08-19,10213.0000
2021-08-20,10216.0000
2021-08-23,10211.0000
2021-08-24,10209.0000
2021-08-25,10207.0000
2021-08-26,10211.0000
2021-08-27,10206.0000
2021-08-30,10209.0000
2021-08-31,10208.0000
2021-09-01,10204.0000
2021-09-02,10206.0000
2021-09-03,10200.0000
2021-09-06,10192.0000
2021-09-07,10194.0000
2021-09-08,10188.0000
2021-09-09,10191.0000
2021-09-10,10192.0000
2021-09-13,10193.0000
2021-09-14,10194.0000
2021-09-15,10200.0000
2021-09-16,10193.0000
2021-09-17,10188.0000
2021-09-21,10194.0000
2021-09-22,10195.0000
2021-09-24,10179.0000
2021-09-27,10176.0000
2021-09-28,10161.0000
2021-09-29,10170.0000
2021-09-30,10172.0000
2021-10-01,10185.0000
2021-10-04,10186.0000
2021-10-05,10178.0000
2021-10-06,10166.0000
2021-10-07,10171.0000
2021-10-08,10162.0000
2021-10-11,10155.0000
2021-10-12,10156.0000
2021-10-13,10161.0000
2021-10-14,10167.0000
2021-10-15,10167.0000
2021-10-18,10157.0000
2021-10-19,10159.0000
2021-10-20,10151.0000
2021-10-21,10157.0000
2021-10-22,10149.0000
2021-10-25,10147.0000
2021-10-26,10145.0000
2021-10-27,10147.0000
2021-10-28,10159.0000
2021-10-29,10159.0000
2021-11-01,10164.0000
2021-11-02,10167.0000
2021-11-04,10171.0000
2021-11-05,10182.0000
2021-11-08,10182.0000
2021-11-09,10176.0000
2021-11-10,10180.0000
2021-11-11,10172.0000
2021-11-12,10169.0000
2021-11-15,10174.0000
2021-11-16,10170.0000
2021-11-17,10166.0000
2021-11-18,10163.0000
2021-11-19,10170.0000
2021-11-22,10169.0000
2021-11-24,10161.0000
2021-11-25,10160.0000
2021-11-26,10168.0000
2021-11-29,10166.0000
2021-11-30,10182.0000
2021-12-01,10178.0000
2021-12-02,10178.0000
2021-12-03,10186.0000
2021-12-06,10192.0000
2021-12-07,10179.0000
2021-12-08,10183.0000
2021-12-09,10184.0000
2021-12-10,10182.0000
2021-12-13,10186.0000
2021-12-14,10188.0000
2021-12-15,10188.0000
2021-12-16,10193.0000
2021-12-17,10190.0000
2021-12-20,10196.0000
2021-12-21,10184.0000
2021-12-22,10176.0000
2021-12-23,10172.0000
2021-12-24,10170.0000
2021-12-27,10174.0000
2021-12-28,10169.0000
2021-12-29,10171.0000
2021-12-30,10158.0000
2022-01-04,10152.0000
2022-01-05,10153.0000
2022-01-06,10136.0000
2022-01-07,10126.0000
2022-01-11,10116.0000
2022-01-12,10135.0000
2022-01-13,10134.0000
2022-01-14,10114.0000
2022-01-17,10121.0000
2022-01-18,10119.0000
2022-01-19,10126.0000
2022-01-20,10120.0000
2022-01-21,10128.0000
2022-01-24,10125.0000
2022-01-25,10124.0000
2022-01-26,10124.0000
2022-01-27,10106.0000
2022-01-28,10097.0000
2022-01-31,10086.0000
2022-02-01,10076.0000
2022-02-02,10078.0000
2022-02-03,10080.0000
2022-02-04,10059.0000
2022-02-07,10048.0000
2022-02-08,10030.0000
2022-02-09,10039.0000
2022-02-10,10017.0000
2022-02-14,10013.0000
2022-02-15,10007.0000
2022-02-16,9993.0000
2022-02-17,9971.0000
2022-02-18,9994.0000
2022-02-21,10015.0000
2022-02-22,10034.0000
2022-02-24,10032.0000
2022-02-25,10008.0000
2022-02-28,10034.0000
2022-03-01,10032.0000
2022-03-02,10069.0000
2022-03-03,10047.0000
2022-03-04,10059.0000
2022-03-07,10072.0000
2022-03-08,10050.0000
2022-03-09,10049.0000
2022-03-10,10031.0000
2022-03-11,10033.0000
2022-03-14,10029.0000
2022-03-15,10009.0000
2022-03-16,10018.0000
2022-03-17,10020.0000
2022-03-18,10017.0000
2022-03-22,10002.0000
2022-03-23,9994.0000
2022-03-24,9989.0000
2022-03-25,9974.0000
2022-03-28,9947.0000
2022-03-29,9928.0000
2022-03-30,9967.0000
2022-03-31,10005.0000
2022-04-01,10001.0000
2022-04-04,9999.0000
2022-04-05,9993.0000
2022-04-06,9960.0000
2022-04-07,9964.0000
2022-04-08,9980.0000
2022-04-11,9965.0000
2022-04-12,9961.0000
2022-04-13,9970.0000
2022-04-14,9983.0000
2022-04-15,9986.0000
2022-04-18,9978.0000
2022-04-19,9973.0000
2022-04-20,9957.0000
2022-04-21,9959.0000
2022-04-22,9945.0000
2022-04-25,9956.0000
2022-04-26,9961.0000
2022-04-27,9965.0000
2022-04-28,9979.0000
2022-05-02,9966.0000
2022-05-06,9951.0000
2022-05-09,9942.0000
2022-05-10,9945.0000
2022-05-11,9949.0000
2022-05-12,9957.0000
2022-05-13,9965.0000
2022-05-16,9962.0000
2022-05-17,9955.0000
2022-05-18,9954.0000
2022-05-19,9959.0000
2022-05-20,9971.0000
2022-05-23,9974.0000
2022-05-24,9984.0000
2022-05-25,9998.0000
2022-05-26,9967.0000
2022-05-27,9979.0000
2022-05-30,9973.0000
2022-05-31,9963.0000
2022-06-01,9961.0000
2022-06-02,9952.0000
2022-06-03,9966.0000
2022-06-06,9957.0000
2022-06-07,9946.0000
2022-06-08,9947.0000
2022-06-09,9942.0000
2022-06-10,9934.0000
2022-06-13,9887.0000
2022-06-14,9866.0000
2022-06-15,9835.0000
2022-06-16,9875.0000
2022-06-17,9874.0000
2022-06-20,9858.0000
2022-06-21,9852.0000
2022-06-22,9853.0000
2022-06-23,9869.0000
2022-06-24,9871.0000
2022-06-27,9849.0000
2022-06-28,9842.0000
2022-06-29,9854.0000
2022-06-30,9870.0000
2022-07-01,9887.0000
2022-07-04,9879.0000
2022-07-05,9867.0000
2022-07-06,9877.0000
2022-07-07,9879.0000
2022-07-08,9868.0000
2022-07-11,9857.0000
2022-07-12,9857.0000
2022-07-13,9873.0000
2022-07-14,9877.0000
2022-07-15,9890.0000
2022-07-19,9873.0000
2022-07-20,9866.0000
2022-07-21,9876.0000
2022-07-22,9900.0000
2022-07-25,9911.0000
2022-07-26,9922.0000
2022-07-27,9930.0000
2022-07-28,9917.0000
2022-07-29,9934.0000
2022-08-01,9920.0000
2022-08-02,9944.0000
2022-08-03,9929.0000
2022-08-04,9943.0000
2022-08-05,9958.0000
2022-08-08,9956.0000
2022-08-09,9969.0000
2022-08-10,9959.0000
2022-08-12,9961.0000
2022-08-15,9959.0000
2022-08-16,9978.0000
2022-08-17,9976.0000
2022-08-18,9958.0000
2022-08-19,9964.0000
2022-08-22,9932.0000
2022-08-23,9926.0000
2022-08-24,9923.0000
2022-08-25,9913.0000
2022-08-26,9920.0000
2022-08-29,9892.0000
2022-08-30,9901.0000
2022-08-31,9910.0000
2022-09-01,9892.0000
2022-09-02,9875.0000
2022-09-05,9888.0000
2022-09-06,9878.0000
2022-09-07,9853.0000
2022-09-08,9856.0000
2022-09-09,9844.0000
2022-09-12,9855.0000
2022-09-13,9886.0000
2022-09-14,9892.0000
2022-09-15,9857.0000
2022-09-16,9843.0000
2022-09-20,9835.0000
2022-09-21,9827.0000
2022-09-22,9841.0000
2022-09-26,9806.0000
2022-09-27,9778.0000
2022-09-28,9773.0000
2022-09-29,9800.0000
2022-09-30,9804.0000
2022-10-03,9831.0000
2022-10-04,9846.0000
2022-10-05,9846.0000
2022-10-06,9839.0000
2022-10-07,9828.0000
2022-10-11,9794.0000
2022-10-12,9780.0000
2022-10-13,9775.0000
2022-10-14,9777.0000
2022-10-17,9755.0000
2022-10-18,9752.0000
2022-10-19,9747.0000
2022-10-20,9727.0000
2022-10-21,9701.0000
2022-10-24,9678.0000
2022-10-25,9703.0000
2022-10-26,9714.0000
2022-10-27,9758.0000
2022-10-28,9780.0000
2022-10-31,9793.0000
2022-11-01,9771.0000
2022-11-02,9762.0000
2022-11-04,9740.0000
2022-11-07,9735.0000
2022-11-08,9721.0000
2022-11-09,9758.0000
2022-11-10,9761.0000
2022-11-11,9802.0000
2022-11-14,9776.0000
2022-11-15,9790.0000
2022-11-16,9794.0000
2022-11-17,9808.0000
2022-11-18,9797.0000
2022-11-21,9789.0000
2022-11-22,9787.0000
2022-11-24,9789.0000
2022-11-25,9765.0000
2022-11-28,9761.0000
2022-11-29,9742.0000
2022-11-30,9745.0000
2022-12-01,9752.0000
2022-12-02,9759.0000
2022-12-05,9754.0000
2022-12-06,9745.0000
2022-12-07,9757.0000
2022-12-08,9768.0000
2022-12-09,9784.0000
2022-12-12,9769.0000
2022-12-13,9774.0000
2022-12-14,9785.0000
2022-12-15,9766.0000
2022-12-16,9752.0000
2022-12-19,9731.0000
2022-12-20,9673.0000
2022-12-21,9657.0000
2022-12-22,9680.0000
2022-12-23,9677.0000
2022-12-26,9661.0000
2022-12-27,9645.0000
2022-12-28,9630.0000
2022-12-29,9605.0000
2022-12-30,9616.0000
2023-01-04,9594.0000
2023-01-05,9612.0000
2023-01-06,9621.0000
2023-01-10,9590.0000
2023-01-11,9596.0000
2023-01-12,9555.0000
2023-01-13,9557.0000
2023-01-16,9579.0000
2023-01-17,9576.0000
2023-01-18,9611.0000
2023-01-19,9624.0000
2023-01-20,9644.0000
2023-01-23,9670.0000
2023-01-24,9663.0000
2023-01-25,9652.0000
2023-01-26,9645.0000
2023-01-27,9602.0000
2023-01-30,9602.0000
2023-01-31,9588.0000
2023-02-01,9614.0000
2023-02-02,9636.0000
2023-02-03,9654.0000
2023-02-06,9638.0000
2023-02-07,9631.0000
2023-02-08,9634.0000
2023-02-09,9631.0000
2023-02-10,9619.0000
2023-02-13,9637.0000
2023-02-14,9644.0000
2023-02-15,9652.0000
2023-02-16,9640.0000
2023-02-17,9628.0000
2023-02-20,9623.0000
2023-02-21,9617.0000
2023-02-22,9625.0000
2023-02-24,9644.0000
2023-02-27,9646.0000
2023-02-28,9695.0000
2023-03-01,9697.0000
2023-03-02,9677.0000
2023-03-03,9673.0000
2023-03-06,9667.0000
2023-03-07,9668.0000
2023-03-08,9660.0000
2023-03-09,9643.0000
2023-03-10,9697.0000
2023-03-13,9755.0000
2023-03-14,9850.0000
2023-03-15,9795.0000
2023-03-16,9823.0000
2023-03-17,9812.0000
2023-03-20,9857.0000
2023-03-22,9805.0000
2023-03-23,9815.0000
2023-03-24,9820.0000
2023-03-27,9810.0000
2023-03-28,9835.0000
2023-03-29,9865.0000
2023-03-30,9850.0000
2023-03-31,9830.0000
2023-04-03,9789.0000
2023-04-04,9759.0000
2023-04-05,9756.0000
2023-04-06,9767.0000
2023-04-07,9787.0000
2023-04-10,9779.0000
2023-04-11,9786.0000
2023-04-12,9781.0000
2023-04-13,9794.0000
2023-04-14,9788.0000
2023-04-17,9763.0000
2023-04-18,9769.0000
2023-04-19,9774.0000
2023-04-20,9767.0000
2023-04-21,9777.0000
2023-04-24,9769.0000
2023-04-25,9773.0000
2023-04-26,9798.0000
2023-04-27,9794.0000
2023-04-28,9858.0000
2023-05-01,9843.0000
2023-05-02,9831.0000
2023-05-08,9842.0000
2023-05-09,9830.0000
2023-05-10,9841.0000
2023-05-11,9869.0000
2023-05-12,9859.0000
2023-05-15,9845.0000
2023-05-16,9858.0000
2023-05-17,9886.0000
2023-05-18,9871.0000
2023-05-19,9859.0000
2023-05-22,9877.0000
2023-05-23,9864.0000
2023-05-24,9854.0000
2023-05-25,9835.0000
2023-05-26,9848.0000
2023-05-29,9836.0000
2023-05-30,9844.0000
2023-05-31,9847.0000
2023-06-01,9851.0000
2023-06-02,9851.0000
2023-06-05,9837.0000
2023-06-06,9850.0000
2023-06-07,9858.0000
2023-06-08,9842.0000
2023-06-09,9848.0000
2023-06-12,9848.0000
2023-06-13,9862.0000
2023-06-14,9856.0000
2023-06-15,9858.0000
2023-06-16,9870.0000
2023-06-19,9878.0000
2023-06-20,9887.0000
2023-06-21,9889.0000
2023-06-22,9886.0000
2023-06-23,9893.0000
2023-06-26,9911.0000
2023-06-27,9898.0000
2023-06-28,9888.0000
2023-06-29,9892.0000
2023-06-30,9870.0000
2023-07-03,9870.0000
2023-07-04,9884.0000
2023-07-05,9894.0000
2023-07-06,9882.0000
2023-07-07,9848.0000
2023-07-10,9808.0000
2023-07-11,9825.0000
2023-07-12,9798.0000
2023-07-13,9802.0000
2023-07-14,9785.0000
2023-07-18,9773.0000
2023-07-19,9799.0000
2023-07-20,9810.0000
2023-07-21,9803.0000
2023-07-24,9836.0000
2023-07-25,9829.0000
2023-07-26,9843.0000
2023-07-27,9851.0000
2023-07-28,9782.0000
2023-07-31,9716.0000
2023-08-01,9709.0000
2023-08-02,9688.0000
2023-08-03,9659.0000
2023-08-04,9653.0000
2023-08-07,9667.0000
2023-08-08,9686.0000
2023-08-09,9724.0000
2023-08-10,9700.0000
2023-08-14,9675.0000
2023-08-15,9670.0000
2023-08-16,9677.0000
2023-08-17,9643.0000
2023-08-18,9661.0000
2023-08-21,9642.0000
2023-08-22,9631.0000
2023-08-23,9622.0000
2023-08-24,9648.0000
2023-08-25,9643.0000
2023-08-28,9640.0000
2023-08-29,9654.0000
2023-08-30,9644.0000
2023-08-31,9645.0000
2023-09-01,9667.0000
2023-09-04,9656.0000
2023-09-05,9647.0000
2023-09-06,9653.0000
2023-09-07,9647.0000
2023-09-08,9648.0000
2023-09-11,9603.0000
2023-09-12,9599.0000
2023-09-13,9611.0000
2023-09-14,9614.0000
2023-09-15,9618.0000
2023-09-19,9604.0000
2023-09-20,9605.0000
2023-09-21,9596.0000
2023-09-22,9596.0000
2023-09-25,9604.0000
2023-09-26,9598.0000
2023-09-27,9598.0000
2023-09-28,9586.0000
2023-09-29,9576.0000
2023-10-02,9561.0000
2023-10-03,9564.0000
2023-10-04,9528.0000
2023-10-05,9528.0000
2023-10-06,9527.0000
2023-10-10,9545.0000
2023-10-11,9555.0000
2023-10-12,9579.0000
2023-10-13,9569.0000
2023-10-16,9568.0000
2023-10-17,9543.0000
2023-10-18,9523.0000
2023-10-19,9497.0000
2023-10-20,9494.0000
2023-10-23,9467.0000
2023-10-24,9484.0000
2023-10-25,9487.0000
2023-10-26,9463.0000
2023-10-27,9469.0000
2023-10-30,9455.0000
2023-10-31,9423.0000
2023-11-01,9416.0000
2023-11-02,9442.0000
2023-11-06,9476.0000
2023-11-07,9476.0000
2023-11-08,9504.0000
2023-11-09,9527.0000
2023-11-10,9513.0000
2023-11-13,9498.0000
2023-11-14,9512.0000
2023-11-15,9553.0000
2023-11-16,9553.0000
2023-11-17,9582.0000
2023-11-20,9592.0000
2023-11-21,9634.0000
2023-11-22,9600.0000
2023-11-24,9572.0000
2023-11-27,9565.0000
2023-11-28,9573.0000
2023-11-29,9627.0000
2023-11-30,9620.0000
2023-12-01,9611.0000
2023-12-04,9616.0000
2023-12-05,9625.0000
2023-12-06,9655.0000
2023-12-07,9575.0000
2023-12-08,9548.0000
2023-12-11,9546.0000
2023-12-12,9574.0000
2023-12-13,9621.0000
2023-12-14,9634.0000
2023-12-15,9614.0000
2023-12-18,9636.0000
2023-12-19,9664.0000
2023-12-20,9732.0000
2023-12-21,9710.0000
2023-12-22,9667.0000
2023-12-25,9674.0000
2023-12-26,9660.0000
2023-12-27,9689.0000
2023-12-28,9683.0000
2023-12-29,9659.0000
2024-01-04,9661.0000
2024-01-05,9676.0000
2024-01-09,9690.0000
2024-01-10,9693.0000
2024-01-11,9705.0000
2024-01-12,9711.0000
2024-01-15,9735.0000
2024-01-16,9716.0000
2024-01-17,9704.0000
2024-01-18,9653.0000
2024-01-19,9632.0000
2024-01-22,9644.0000
2024-01-23,9660.0000
2024-01-24,9596.0000
2024-01-25,9574.0000
2024-01-26,9596.0000
2024-01-29,9588.0000
2024-01-30,9603.0000
2024-01-31,9587.0000
2024-02-01,9616.0000
2024-02-02,9641.0000
2024-02-05,9602.0000
2024-02-06,9606.0000
2024-02-07,9616.0000
2024-02-08,9622.0000
2024-02-09,9602.0000
2024-02-13,9599.0000
2024-02-14,9583.0000
2024-02-15,9596.0000
2024-02-16,9601.0000
2024-02-19,9602.0000
2024-02-20,9609.0000
2024-02-21,9617.0000
2024-02-22,9625.0000
2024-02-26,9646.0000
2024-02-27,9642.0000
2024-02-28,9630.0000
2024-02-29,9616.0000
2024-03-01,9622.0000
2024-03-04,9616.0000
2024-03-05,9623.0000
2024-03-06,9621.0000
2024-03-07,9609.0000
2024-03-08,9599.0000
2024-03-11,9580.0000
2024-03-12,9577.0000
2024-03-13,9588.0000
2024-03-14,9569.0000
2024-03-15,9562.0000
2024-03-18,9585.0000
2024-03-19,9600.0000
2024-03-21,9591.0000
2024-03-22,9590.0000
2024-03-25,9594.0000
2024-03-26,9592.0000
2024-03-27,9610.0000
2024-03-28,9624.0000
2024-03-29,9604.0000
2024-04-01,9590.0000
2024-04-02,9580.0000
2024-04-03,9583.0000
2024-04-04,9577.0000
2024-04-05,9582.0000
2024-04-08,9568.0000
2024-04-09,9568.0000
2024-04-10,9554.0000
2024-04-11,9506.0000
2024-04-12,9501.0000
2024-04-15,9503.0000
2024-04-16,9497.0000
2024-04-17,9482.0000
2024-04-18,9503.0000
2024-04-19,9526.0000
2024-04-22,9492.0000
2024-04-23,9483.0000
2024-04-24,9483.0000
2024-04-25,9480.0000
2024-04-26,9463.0000
2024-04-30,9493.0000
2024-05-01,9478.0000
2024-05-02,9472.0000
2024-05-07,9490.0000
2024-05-08,9489.0000
2024-05-09,9469.0000
2024-05-10,9462.0000
2024-05-13,9439.0000
2024-05-14,9423.0000
2024-05-15,9428.0000
2024-05-16,9447.0000
2024-05-17,9430.0000
2024-05-20,9412.0000
2024-05-21,9409.0000
2024-05-22,9391.0000
2024-05-23,9381.0000
2024-05-24,9377.0000
2024-05-27,9372.0000
2024-05-28,9370.0000
2024-05-29,9344.0000
2024-05-30,9352.0000
2024-05-31,9341.0000
2024-06-03,9343.0000
2024-06-04,9361.0000
2024-06-05,9386.0000
2024-06-06,9430.0000
2024-06-07,9419.0000
2024-06-10,9370.0000
2024-06-11,9378.0000
2024-06-12,9401.0000
2024-06-13,9418.0000
2024-06-14,9443.0000
2024-06-17,9436.0000
2024-06-18,9423.0000
2024-06-19,9435.0000
2024-06-20,9427.0000
2024-06-21,9411.0000
2024-06-24,9399.0000
2024-06-25,9393.0000
2024-06-26,9374.0000
2024-06-27,9342.0000
2024-06-28,9365.0000
2024-07-01,9351.0000
2024-07-02,9336.0000
2024-07-03,9333.0000
2024-07-04,9340.0000
2024-07-05,9342.0000
2024-07-08,9335.0000
2024-07-09,9339.0000
2024-07-10,9330.0000
2024-07-11,9332.0000
2024-07-12,9362.0000
2024-07-16,9375.0000
2024-07-17,9372.0000
2024-07-18,9372.0000
2024-07-19,9374.0000
2024-07-22,9364.0000
2024-07-23,9358.0000
2024-07-24,9349.0000
2024-07-25,9355.0000
2024-07-26,9365.0000
2024-07-29,9385.0000
2024-07-30,9398.0000
2024-07-31,9354.0000
2024-08-01,9375.0000
2024-08-02,9426.0000
2024-08-05,9569.0000
2024-08-06,9468.0000
2024-08-07,9450.0000
2024-08-08,9491.0000
2024-08-09,9483.0000
2024-08-13,9490.0000
2024-08-14,9515.0000
2024-08-15,9505.0000
2024-08-16,9476.0000
2024-08-19,9458.0000
2024-08-20,9455.0000
2024-08-21,9470.0000
2024-08-22,9475.0000
2024-08-23,9465.0000
2024-08-26,9471.0000
2024-08-27,9476.0000
2024-08-28,9471.0000
2024-08-29,9465.0000
2024-08-30,9463.0000
2024-09-02,9452.0000
2024-09-03,9446.0000
2024-09-04,9469.0000
2024-09-05,9480.0000
2024-09-06,9497.0000
2024-09-09,9471.0000
2024-09-10,9467.0000
2024-09-11,9491.0000
2024-09-12,9484.0000
2024-09-13,9503.0000
2024-09-17,9517.0000
2024-09-18,9515.0000
2024-09-19,9485.0000
2024-09-20,9475.0000
2024-09-24,9510.0000
2024-09-25,9516.0000
2024-09-26,9498.0000
2024-09-27,9504.0000
2024-09-30,9488.0000
2024-10-01,9490.0000
2024-10-02,9508.0000
2024-10-03,9503.0000
2024-10-04,9494.0000
2024-10-07,9463.0000
2024-10-08,9463.0000
2024-10-09,9451.0000
2024-10-10,9431.0000
2024-10-11,9441.0000
2024-10-15,9431.0000
2024-10-16,9441.0000
2024-10-17,9440.0000
2024-10-18,9434.0000
2024-10-21,9437.0000
2024-10-22,9418.0000
2024-10-23,9416.0000
2024-10-24,9427.0000
2024-10-25,9438.0000
2024-10-28,9420.0000
2024-10-29,9420.0000
2024-10-30,9426.0000
2024-10-31,9440.0000
2024-11-01,9435.0000
2024-11-05,9441.0000
2024-11-06,9415.0000
2024-11-07,9395.0000
2024-11-08,9400.0000
2024-11-11,9401.0000
2024-11-12,9393.0000
2024-11-13,9371.0000
2024-11-14,9359.0000
2024-11-15,9355.0000
2024-11-18,9354.0000
2024-11-19,9359.0000
2024-11-20,9359.0000
2024-11-21,9345.0000
2024-11-22,9351.0000
2024-11-25,9356.0000
2024-11-26,9364.0000
2024-11-27,9352.0000
2024-11-28,9365.0000
2024-11-29,9373.0000
2024-12-02,9358.0000
2024-12-03,9358.0000
2024-12-04,9373.0000
2024-12-05,9364.0000
2024-12-06,9375.0000
2024-12-09,9386.0000
2024-12-10,9375.0000
2024-12-11,9374.0000
2024-12-12,9387.0000
2024-12-13,9392.0000
2024-12-16,9371.0000
2024-12-17,9362.0000
2024-12-18,9374.0000
2024-12-19,9365.0000
2024-12-20,9386.0000
2024-12-23,9376.0000
2024-12-24,9379.0000
2024-12-25,9382.0000
2024-12-26,9370.0000
2024-12-27,9355.0000
2024-12-30,9362.0000
2025-01-06,9341.0000
2025-01-07,9338.0000
2025-01-08,9315.0000
2025-01-09,9320.0000
2025-01-10,9304.0000
2025-01-14,9277.0000
2025-01-15,9267.0000
2025-01-16,9297.0000
2025-01-17,9309.0000
2025-01-20,9319.0000
2025-01-21,9324.0000
2025-01-22,9320.0000
2025-01-23,9314.0000
2025-01-24,9300.0000
2025-01-27,9311.0000
2025-01-28,9327.0000
2025-01-29,9329.0000
2025-01-30,9312.0000
2025-01-31,9292.0000
2025-02-03,9289.0000
2025-02-04,9268.0000
2025-02-05,9263.0000
2025-02-06,9286.0000
2025-02-07,9261.0000
2025-02-10,9258.0000
2025-02-12,9247.0000
2025-02-13,9236.0000
2025-02-14,9239.0000
2025-02-17,9227.0000
2025-02-18,9198.0000
2025-02-19,9199.0000
2025-02-20,9202.0000
2025-02-21,9205.0000
2025-02-25,9225.0000
2025-02-26,9231.0000
2025-02-27,9217.0000
2025-02-28,9229.0000
2025-03-03,9211.0000
2025-03-04,9201.0000
2025-03-05,9182.0000
2025-03-06,9130.0000
2025-03-07,9115.0000
2025-03-10,9076.0000
2025-03-11,9109.0000
2025-03-12,9105.0000
2025-03-13,9090.0000
2025-03-14,9105.0000
2025-03-17,9105.0000
2025-03-18,9112.0000
2025-03-19,9107.0000
2025-03-21,9105.0000
2025-03-24,9098.0000
2025-03-25,9081.0000
2025-03-26,9079.0000
2025-03-27,9082.0000
2025-03-28,9109.0000
2025-03-31,9137.0000
2025-04-01,9128.0000
2025-04-02,9156.0000
2025-04-03,9228.0000
2025-04-04,9350.0000
2025-04-07,9375.0000
2025-04-08,9253.0000
2025-04-09,9191.0000
2025-04-10,9159.0000
2025-04-11,9158.0000
2025-04-14,9138.0000
2025-04-15,9133.0000
2025-04-16,9185.0000
2025-04-17,9187.0000
2025-04-18,9185.0000
2025-04-21,9174.0000
2025-04-22,9175.0000
2025-04-23,9184.0000
2025-04-24,9194.0000
2025-04-25,9178.0000
2025-04-28,9188.0000
2025-04-30,9189.0000
2025-05-01,9206.0000
2025-05-02,9201.0000
2025-05-07,9163.0000
2025-05-08,9153.0000
2025-05-09,9129.0000
2025-05-12,9106.0000
2025-05-13,9100.0000
2025-05-14,9096.0000
2025-05-15,9074.0000
2025-05-16,9087.0000
2025-05-19,9072.0000
2025-05-20,9025.0000
2025-05-21,9026.0000
2025-05-22,9000.0000
2025-05-23,9017.0000
2025-05-26,9038.0000
2025-05-27,9102.0000
2025-05-28,9068.0000
2025-05-29,9052.0000
2025-05-30,9070.0000
2025-06-02,9075.0000
2025-06-03,9080.0000
2025-06-04,9067.0000
2025-06-05,9099.0000
2025-06-06,9107.0000
2025-06-09,9094.0000
2025-06-10,9086.0000
2025-06-11,9094.0000
2025-06-12,9093.0000
2025-06-13,9124.0000
2025-06-16,9099.0000
2025-06-17,9085.0000
2025-06-18,9095.0000
2025-06-19,9120.0000
2025-06-20,9124.0000
2025-06-23,9122.0000
2025-06-24,9119.0000
2025-06-25,9134.0000
2025-06-26,9130.0000
2025-06-27,9123.0000
2025-06-30,9118.0000
2025-07-01,9135.0000
2025-07-02,9130.0000
2025-07-03,9109.0000
2025-07-04,9111.0000
2025-07-07,9087.0000
2025-07-08,9054.0000
2025-07-09,9047.0000
2025-07-10,9047.0000
2025-07-11,9051.0000
2025-07-14,8998.0000
2025-07-15,8989.0000
2025-07-16,9009.0000
2025-07-17,9013.0000
2025-07-18,9037.0000
2025-07-22,9043.0000
2025-07-23,8991.0000
2025-07-24,8996.0000
2025-07-25,9001.0000
2025-07-28,9027.0000
2025-07-29,9025.0000
2025-07-30,9023.0000
2025-07-31,9023.0000
2025-08-01,9023.0000
2025-08-04,9040.0000
2025-08-05,9065.0000
2025-08-06,9056.0000
2025-08-07,9057.0000
2025-08-08,9055.0000
2025-08-12,9050.0000
2025-08-13,9043.0000
2025-08-14,9025.0000
2025-08-15,9019.0000
2025-08-18,9013.0000
2025-08-19,8998.0000
2025-08-20,8982.0000
2025-08-21,8981.0000
2025-08-22,8972.0000
2025-08-25,8975.0000
2025-08-26,8978.0000
2025-08-27,8970.0000
2025-08-28,8980.0000
2025-08-29,8995.0000
2025-09-01,8983.0000
2025-09-02,8989.0000
2025-09-03,8964.0000
2025-09-04,8978.0000
2025-09-05,8997.0000
2025-09-08,8991.0000
2025-09-09,8998.0000
2025-09-10,9002.0000
2025-09-11,8997.0000
2025-09-12,8994.0000
2025-09-16,8981.0000
2025-09-17,8993.0000
2025-09-18,8994.0000
2025-09-19,8983.0000
2025-09-22,8972.0000
2025-09-24,8985.0000
2025-09-25,8989.0000
2025-09-26,8980.0000
2025-09-29,8995.0000
2025-09-30,8987.0000
2025-10-01,8983.0000
2025-10-02,8976.0000
2025-10-03,8985.0000
2025-10-06,8958.0000
2025-10-07,8958.0000
2025-10-08,8951.0000
2025-10-09,8950.0000
2025-10-10,8954.0000
2025-10-14,8963.0000
2025-10-15,8972.0000
2025-10-16,8978.0000
2025-10-17,8989.0000
2025-10-20,8973.0000
2025-10-21,8981.0000
2025-10-22,8985.0000
2025-10-23,8990.0000
2025-10-24,8997.0000
2025-10-27,8986.0000
2025-10-28,9003.0000
2025-10-29,9002.0000
2025-10-30,9008.0000
2025-10-31,9001.0000
2025-11-04,8984.0000
2025-11-05,8992.0000
2025-11-06,8982.0000
2025-11-07,8981.0000
2025-11-10,8967.0000
2025-11-11,8965.0000
2025-11-12,8961.0000
2025-11-13,8959.0000
2025-11-14,8953.0000
2025-11-17,8937.0000
2025-11-18,8922.0000
2025-11-19,8909.0000
2025-11-20,8880.0000
2025-11-21,8905.0000
2025-11-25,8892.0000
2025-11-26,8892.0000
2025-11-27,8899.0000
2025-11-28,8897.0000
2025-12-01,8856.0000
2025-12-02,8866.0000
2025-12-03,8847.0000
2025-12-04,8835.0000
2025-12-05,8835.0000
2025-12-08,8822.0000
2025-12-09,8825.0000
2025-12-10,8825.0000
2025-12-11,8842.0000
2025-12-12,8837.0000
2025-12-15,8834.0000
2025-12-16,8839.0000
2025-12-17,8830.0000
2025-12-18,8828.0000
2025-12-19,8802.0000
2025-12-22,8777.0000
2025-12-23,8795.0000
2025-12-24,8793.0000
2025-12-25,8793.0000
2025-12-26,8799.0000
2025-12-29,8785.0000
2025-12-30,8786.0000
2026-01-05,8757.0000
2026-01-06,8746.0000
2026-01-07,8745.0000
2026-01-08,8764.0000
2026-01-09,8766.0000
2026-01-13,8726.0000
2026-01-14,8711.0000
2026-01-15,8724.0000
2026-01-16,8716.0000
2026-01-19,8665.0000
2026-01-20,8597.0000
2026-01-21,8636.0000
2026-01-22,8663.0000
2026-01-23,8660.0000
2026-01-26,8670.0000
2026-01-27,8651.0000
2026-01-28,8674.0000
2026-01-29,8672.0000
2026-01-30,8673.0000
2026-02-02,8675.0000
2026-02-03,8666.0000
2026-02-04,8668.0000
2026-02-05,8685.0000
2026-02-06,8688.0000
2026-02-09,8665.0000
2026-02-10,8696.0000
2026-02-12,8712.0000
2026-02-13,8722.0000
2026-02-16,8715.0000
2026-02-17,8769.0000
2026-02-18,8768.0000
2026-02-19,8770.0000
2026-02-20,8790.0000
2026-02-24,8804.0000
2026-02-25,8778.0000
2026-02-26,8773.0000
2026-02-27,8796.0000
2026-03-02,8824.0000
2026-03-03,8785.0000
2026-03-04,8787.0000
2026-03-05,8766.0000
2026-03-06,8763.0000
2026-03-09,8744.0000
2026-03-10,8752.0000
2026-03-11,8758.0000
2026-03-12,8742.0000
2026-03-13,8714.0000
